SIREN,Date création établissement,Code APE,Adresse,Nom société 1,Nom société 2,Nom société 3,Nom société 4,Nom société 5,Prénom contact,Nom contact,Code postal,Ville,Téléphone,Email
﻿siren,dateCreationEtablissement,activitePrincipaleRegistreMetiersEtablissement,"numeroVoieEtablissement typeVoieEtablissement libelleVoieEtablissement,  complementAdresseEtablissement",denominationUniteLegale,sigleUniteLegale,denominationUsuelleEtablissement,denominationUsuelle1UniteLegale,enseigne1Etablissement,prenom1UniteLegale,nomUniteLegale,codePostalEtablissement,libelleCommuneEtablissement,TELEPHONE,ADRESSE E-MAIL
﻿325594539,2021-10-07,1071CA,"1813 RTE DU BOURG,  ",,,BOULANGERIE LA CHAPELLOISE,,,BRUNO,DEBOURG,39140,CHAPELLE-VOLAND,,
﻿344884432,2018-10-01,1071CA,"18  LES BELBENOITS,  ",,,L'ATELIER PAIN,,,THIERRY,RAY,39150,NANCHEZ,,
﻿348512419,2014-12-15,1071CB,"39 RTE DE BELCHAMP,  ",,,NATHALIE ET PASCAL MOREAU,,LA BAGUETTE DES OURS,PASCAL,MOREAU,25700,VALENTIGNEY,,
﻿379587884,2020-11-01,,"[ND] [ND] [ND],  [ND]",[ND],[ND],[ND],[ND],[ND],[ND],[ND],[ND],COUSANCE,,
﻿382278745,2020-10-01,1071CA,"4 RUE DU PRE FLATTOT,  ",,,FOURNIL DU VIEUX CHENE,,,LUC,DELUME,39700,FALLETANS,,
﻿382410488,2014-10-01,,"49 RUE DE BESANCON,  ",,,BOULANGERIE THIERRY ET CLAUDINE DUFAY,,,THIERRY,DUFAY,25220,THISE,,
﻿390936490,2019-06-11,1071CA,"35  LE BOURG DERRIERE,  ",,,,,,FREDERIC,BILLARD,39150,FORT-DU-PLASNE,,
﻿393704481,2018-11-19,1071CB,"19 RUE HAUTE,  ",,,,,,PHILIPPE,MILLET,39570,CONLIEGE,,
﻿398815605,2019-02-15,1071CA,"16 RUE RENE LAFORGE,  ",,,,BOULANGERIE PATISSERIE MANCA,,LAURENT,MANCA,21320,POUILLY-EN-AUXOIS,,
﻿401229661,2015-10-01,,"1 BD JOHN KENNEDY,  ",SARL FEVRET,,,,,,,21000,DIJON,,
﻿403052111,2016-05-23,," RUE DE DOLE,  CC BESANCON CHATEAUFARINE ZAC",BOULANGERIES PAUL,,PAUL,,PAUL,,,25000,BESANCON,,
﻿410409619,2020-01-01,1071AA,"14 IMP DES CHARBONNIERES,  FROIDEVILLE",,,CHEZ STEF,,,STEPHANE,CARRAT,39230,VINCENT-FROIDEVILLE,,
﻿411515042,2014-09-01,1071CB,"1 RUE TRISTAN BERNARD,  ",VOQUIN SARL,,,,LE MOULIN DES PAINS,,,25000,BESANCON,381612821,jacquin.nelly@neuf.fr
﻿411515042,2014-12-02,1071CB,"2 RUE CLAUDE GOUDIMEL,  MARCHE COUVERT DES BEAUX ARTS",VOQUIN SARL,,,,,,,25000,BESANCON,,
﻿422133371,2018-02-01,1071CB,"25 RUE PRINCIPALE,  ",,,,,,STEPHANE,BONNET,25500,LES FINS,,
﻿434524690,2017-02-01,1071CA,"14  GRANDE RUE,  ",MONNIN MOUREY,,,,,,,25170,EMAGNY,381632600,c-e-o@wanadoo.fr
﻿438952889,2021-01-07,1071CA,"11 RUE JOSEPH JACQUARD,  ",,,UNAL PRODUCTION,,,SELAMI,UNAL,21300,CHENOVE,,
﻿439236571,2014-12-09,,"6 RUE MONTALEMBERT,  ",LEGRAND JEROME,,,,,,,25120,MAICHE,,
﻿439236571,2016-08-22,1071CB,"1 RUE DU CLOS JEUNE,  ",LEGRAND JEROME,,,,,,,25500,MORTEAU,967764620,obradedios2000@gmail.com
﻿439236571,2020-11-16,1071CB,"19  GRANDE RUE,  ",LEGRAND JEROME,,,,BISTRO BOULANGE LA LIBERTE,,,25140,CHARQUEMONT,,
﻿441397445,2020-06-01,1071CB,"2 RUE OCTAVE JAPY,  ",,,,LA COURONNE D'OR,L' EPI DORE,TAREK,BENLFTOUH,25490,FESCHES-LE-CHATEL,,
﻿441501715,2020-07-01,1071CB,"15 GR DE BRESSE,  ",,,BOULANGERIE PATISSERIE MERCIER,BOULANGERIE PATISSERIE MERCIER,,JEAN,MERCIER,39230,CHAUMERGY,,
﻿443138292,2014-04-01,,"141 AV GUSTAVE EIFFEL,  ",CYPRES,,,,MAISON ROGER,,,21000,DIJON,,
﻿443138292,2016-04-01,,"33 RUE MONGE,  ",CYPRES,,,,MAISON ROGER,,,21000,DIJON,,
﻿443138292,2018-09-18,,"33 RUE ALFRED CHANGENET,  CENTRE COMMERCIAL COUR MARGOT",CYPRES,,,,MAISON ROGER,,,21300,CHENOVE,,
﻿443138292,2022-02-17,,"4 RTE DE BEAUNE,  ",CYPRES,,,,,,,21160,MARSANNAY-LA-COTE,,
﻿448947085,2016-05-03,,"65 RUE DEVOSGE,  ",B3P,,,,CHEZ BABETH ET FRED,,,21000,DIJON,,
﻿450561709,2017-11-01,1071CB,"297 RTE DE ST AMOUR,  ",,,LE PANIER D'ANDELOT,,,PATRICIA,BROTTES,39320,ANDELOT-MORVAL,,
﻿453904815,2016-02-08,,"14 ALL DES MYOSOTIS,  ",,,PATRICK MARTIN,,PAT PATISSERIE,PATRICK,MARTIN,21490,RUFFEY-LES-ECHIREY,,
﻿478455793,2015-09-16,,"48 RUE DE CRACOVIE,  ",BOULANGERIES BG,B B G,,,BOULANGERIE MARIE BLACHERE,,,21000,DIJON,380384481,dijon@bgmarie.com
﻿478455793,2016-10-19,," RUE DE LA LIBERATION,  ",BOULANGERIES BG,B B G,,,BOULANGERIE MARIE BLACHERE,,,25300,PONTARLIER,381396418,pontarlier.casino@marieblachere.com
﻿478455793,2019-11-20,," RUE ROSA LUXEMBURG,  ",BOULANGERIES BG,B B G,,,BOULANGERIE MARIE BLACHERE,,,25110,BAUME-LES-DAMES,381267625,baume.les.dames@marieblachere.fr
﻿478455793,2021-02-03,," RUE CHEVRU,  ESPACE DU MONT RIVEL",BOULANGERIES BG,B B G,,,BOULANGERIE MARIE BLACHERE,,,39300,CHAMPAGNOLE,,
﻿478455793,2021-09-06,," RUE D EPINAL,  ",BOULANGERIES BG,B B G,,,BOULANGERIE MARIE BLACHERE,,,25600,SOCHAUX,,
﻿478893985,2020-11-01,," RUE PAUL EDOUARD DUBIED,  PARC D'ACTIVITES DES GRAVILLIERS",SARL VERDANT MARC,,,,MARC VERDANT,,,25300,PONTARLIER,381390925,marc.verdant@icloud.com
﻿479088528,2018-01-08,1052ZZ,"4 RUE ALBERT THOMAS,  ",ERHARD PATISSIER GLACIER,EPG,,E.V.T.,,,,25000,BESANCON,,
﻿482340973,2018-02-07,,"1 RUE DES RUCHOTTES,  ",COTE BOULANGE,,,BOULANGERIE DE MARIE BLACHERE,BOULANGERIE MARIE BLACHERE,,,21121,AHUY,380711551,ahuy@bgmarie.com
﻿482340973,2018-12-05,,"40 RUE DE PONTARLIER,  ",COTE BOULANGE,,,BOULANGERIE DE MARIE BLACHERE,BOULANGERIE MARIE BLACHERE,,,25600,SOCHAUX,381361438,sochaux@bgmarie.com
﻿482340973,2021-01-27,,"  ZAC DE CHANTRANS,  ",COTE BOULANGE,,,BOULANGERIE DE MARIE BLACHERE,BOULANGERIE MARIE BLACHERE,,,39570,MONTMOROT,,
﻿482340973,2022-05-22,,"20 RUE BLAISE PASCAL,  ",COTE BOULANGE,,,BOULANGERIE DE MARIE BLACHERE,BOULANGERIE MARIE BLACHERE,,,25000,BESANCON,,
﻿483922811,2014-04-24,,"6 AV DE FRANCHE COMTE,  ",SARL RACINE LAURENCE ET CHRISTOPHE,,,LA GOURMANDISE DE CADET ROUSSEL,BOULANGERIE RACINE,,,39270,ORGELET,384251914,boulangerie-racine@orange.fr
﻿483922811,2021-05-31,1071CA,"7 PL DE L'EGLISE,  ",SARL RACINE LAURENCE ET CHRISTOPHE,,SARL BOULANGERIE RACINE,LA GOURMANDISE DE CADET ROUSSEL,SARL BOULANGERIE RACINE,,,39240,ARINTHOD,,
﻿487429144,2015-02-27,1071CB,"5 RUE DU COMMANDANT ROLLAND,  ",LE FOURNIL DE MON PERE,,LE FOURNIL DE MON PERE,,,,,25310,HERIMONCOURT,381357102,aufournildemonpere25@gmail.com
﻿488296989,2018-10-05,1071CA,"1 RTE DE DIJON,  ",,,,,JAYE ARTISAN - BOULANGER,FRANCK,JAYE,21170,SAINT-USAGE,,
﻿489725085,2015-02-28,1071CB,"123 RUE DE BELFORT,  ",SARL COLNEY DIDIER,,,,,,,25000,BESANCON,,
﻿489725085,2015-02-28,1071CB,"11 RTE NATIONALE,  ",SARL COLNEY DIDIER,,,,,,,25220,ROCHE-LEZ-BEAUPRE,,
﻿490093473,2015-06-17,,"24 RUE DU GENERAL DE GAULLE,  ",SARL BRUMA,,BOULANGERIE PATISSERIE FABIEN BRUCKERT,BOULANGERIE PATISSERIE FABIEN BRUCKERT,TENDRE ET CRAQUANT,,,21760,LAMARCHE-SUR-SAONE,,
﻿490093473,2021-08-11,1071CB,"19 RUE DU 8 MAI 1945,  ",SARL BRUMA,,LA ROMANE,BOULANGERIE PATISSERIE FABIEN BRUCKERT,LA ROMANE,,,21270,PONTAILLER-SUR-SAONE,,
﻿490953924,2020-02-18,,"2 RUE DE NEUFCHATEL,  ",GOY PERRENOUD,,,BOULANGERIE GOY REMI,,,,25500,MONTLEBON,,
﻿491002903,2018-08-01,,"7 RUE MONTALEMBERT,  ",BOULANGERIE MILLARDET,,,,,,,25120,MAICHE,,
﻿491755229,2016-09-01,1071CB,"31 AV CHARLES DE GAULLE,  ",L'AMI D'PAIN,,,,,,,25460,ETUPES,,
﻿493483481,2017-03-01,,"13 AV CARNOT,  ",EURL BERT,,LA FESTIVAL,,LA FESTIVAL,,,25000,BESANCON,,
﻿494494289,2022-08-01,,"21 RUE DE L ABBAYE,  ",,,,,LE FOURNIL DE FLAVIGNY,KATHERINE,HOUCHIN,21150,FLAVIGNY-SUR-OZERAIN,,
﻿494618770,2014-02-28,,"7 CHE DE PRABEY,  ZAC CHATEAUFARINE",LE CHATEAU DE FARINE,,,,,,,25000,BESANCON,,
﻿495145781,2020-08-01,1071CB,"44 GR DU HAUT,  ",B.B.G.,,LA MANUFACTURE DU PAIN,,LA MANUFACTURE DU PAIN,,,21410,FLEUREY-SUR-OUCHE,,
﻿497737742,2017-09-01,,"31 RUE PASTEUR,  ",BOULANGERIE PATISSERIE PIMOUSSE,,LA BAGUETTE PIMOUSSE,,,,,21000,DIJON,,
﻿498138742,2015-11-01,1071CB,"65 AV EDOUARD HERRIOT,  ",BOULANGERIE PATISSERIE CHAGROT,,,,,,,39300,CHAMPAGNOLE,384520814,chaletsalaferme.jura@orange.fr
﻿498138742,2019-10-28,1071CB,"5 RUE DE FRASNE,  ",BOULANGERIE PATISSERIE CHAGROT,,MAISON CHAGROT,,MAISON CHAGROT,,,39250,MIGNOVILLARD,,
﻿498334085,2014-04-09,1071CB,"33 RTE DE SEURRE,  ",BOULANGERIE COEUR DE PAINS,,,,,,,21200,BEAUNE,,
﻿498334085,2020-10-30,1071CB,"3 RUE LUCIEN PERRIAUX,  ",BOULANGERIE COEUR DE PAINS,,,,,,,21200,BEAUNE,,
﻿498586379,2015-06-30,1071CB,"37 AV DE L ARMEE DE L EST,  ",AUX DOUX FOURNILS,,LE FOURNIL DE MORTEAU - LE FOURNIL DU LAC - LE FOURNIL DU LARMONT - LE FOURNIL SAONOIS,,,,,25300,PONTARLIER,,
﻿498586379,2021-12-31,1071CB,"15 RUE DE L HELVETIE,  ",AUX DOUX FOURNILS,,,,,,,25500,MORTEAU,381670203,lefournildemorteau@orange.fr
﻿498586379,2022-01-01,1071CB,"10  GRANDE RUE,  ",AUX DOUX FOURNILS,,,,,,,25660,SAONE,,
﻿499258697,2019-02-15,1071CB,"38 RUE LOUIS LE GRAND,  ",GANDROZ,,,,,,,39140,BLETTERANS,384851218,deigle@laposte.net
﻿500140082,2017-08-10,1071CB,"14 RTE DE GRAY,  ",SARL DESCHAMPS-JEANGUYOT,,MAISON DESCHAMPS,,MAISON DESCHAMPS,,,25000,BESANCON,,
﻿500334602,2022-07-01,1071CA,"7 PL DE LA FIDELITE,  ",AUX PAINS D'AURELE,,AUX PAINS D'AURELE,AUX PAINS D'AURELE,,,,39230,SELLIERES,,
﻿500372115,2017-08-01,1071CB,"81  81 GRANDE RUE,  ",LLORENS,,BOULANGERIE LLORENS,,,,,39190,COUSANCE,,
﻿507810885,2020-12-15,,"12 RUE DU TERTRE,  ",JUIN & EISENHOWER,,,,,,,39380,NEVY-LES-DOLE,,
﻿508545829,2018-07-05,,"29 QUAI VEIL PICARD,  ",SARL FLOREVA,,,FLOREVA,,,,25000,BESANCON,,
﻿509594115,2014-08-01,,"1 AV MARECHAL FOCH,  ",OLEA,,,,MAISON ROGER,,,21000,DIJON,,
﻿511951964,2017-11-23,,"577 CRS DE GRAY,  ",BOULANGERIE FAMILIALE OUDOT,,,,,,,21850,SAINT-APOLLINAIRE,,
﻿511951964,2019-11-12,1071CA,"  LES HALLES CENTRALES,  STAND 26D",BOULANGERIE FAMILIALE OUDOT,,,,,,,21000,DIJON,,
﻿512836792,2014-10-06,1071CB,"10 RTE DE TORPES,  ",SARL GOURMANDISES DU FOURNIL,,,,,,,25320,GRANDFONTAINE,,
﻿513633909,2016-03-31,1071CB,"59  GRANDE RUE,  ",BOULANGERIE DES TILLEROYES,,AUX PETITS DELICES,BOULANGERIE DES TILLEROYES,AUX PETITS DELICES,,,25170,RECOLOGNE,,
﻿514983394,2015-08-07,1071CB," PL DU BEL-AIR,  ",L'EPI DU FAUBOURG,,,,,,,39330,MOUCHARD,,
﻿514983394,2022-05-01,1071CB,"25 RUE DE LA REPUBLIQUE,  ",L'EPI DU FAUBOURG,,LA MI DO RE,,,,,39110,SALINS-LES-BAINS,,
﻿518903513,2019-04-26,1071CA,"1  VOIE DES AGASSES,  ",ALIALYS,,PETRIN RIBEIROU,,PETRIN RIBEIROU,,,25220,CHALEZEULE,,
﻿519337075,2014-01-30,,"36 AV DE DIJON,  ",LE FOURNIL DE L'AUBES ' PAIN,,,,,,,21150,VENAREY-LES-LAUMES,,
﻿519337075,2014-01-30,,"7 RUE ALEXIS COLIN,  ",LE FOURNIL DE L'AUBES ' PAIN,,,,,,,21150,VENAREY-LES-LAUMES,,
﻿519337075,2020-01-01,,"  RUE SAINT-PIERRE,  ",LE FOURNIL DE L'AUBES ' PAIN,,,,,,,21510,AIGNAY-LE-DUC,,
﻿521199034,2019-02-26,1071CA,"15 RUE EDME MILLOT,  ",,,,,AUX SECRETS DE FERNAND,ADRIEN,NICOLAS,21350,VITTEAUX,,
﻿524998820,2019-08-23,,"47  GRANDE RUE,  ",EURL CHEVALIER,,,,PATISSIER CHOCOLATIER CHEVALIER,,,39380,CHAMBLAY,,
﻿525351847,2018-04-16,1071CB,"14 RUE MARECHAL DE LATTRE DE TASSIGNY,  ",LE FOURNIL DE L'ISLE,,,,,,,25250,L'ISLE-SUR-LE-DOUBS,,
﻿530718352,2022-07-01,,"19 RUE DU STAND,  ",GERMAIN LE LEVAIN,,,,,,,25300,PONTARLIER,,
﻿530758333,2021-04-20,1071CB,"2 AV FRANKLIN D ROOSEVELT,  ",SARL CARRIERI,,BOULANGERIE DE STALINGRAD,,BOULANGERIE DE STALINGRAD,,,21000,DIJON,,
﻿531867745,2018-03-28,1071CB,"18 PL DU MONUMENT,  ",,,,,LES GOURMANDISES DE MOREY,DAMIEN,MANZINALLI,21220,MOREY-SAINT-DENIS,,
﻿532859733,2019-10-01,1071CA,"11 CHE DE CHENEVRE,  ",TERRE DE PAINS,,FOURNIL TERRE DE PAINS,,,,,39110,LA CHAPELLE-SUR-FURIEUSE,678155742,fournil@terredepains.fr
﻿534076971,2016-08-30,1071CA,"37 RTE NATIONALE,  ",BOULANGERIE PATISSERIE CYRIL BONDON,,,,,,,39190,BEAUFORT-ORBAGNA,,
﻿534935457,2022-09-16,,"34  GRANDE RUE,  ",JUDECHAN,,,,,,,25770,FRANOIS,,
﻿535222780,2019-06-01,1071CB,"4 RUE FAGON,  ",PATMIBELINE,,,,,,,21700,NUITS-SAINT-GEORGES,,
﻿537020034,2019-06-29,,"76 RUE RENE MARTI,  ",DEMEUSY ET CIE,,,,MAISON DEMEUSY LA TRADITION DU GOUT,,,25460,ETUPES,,
﻿537020034,2019-06-29,,"49 RUE DE BELFORT,  ",DEMEUSY ET CIE,,,,MAISON DEMEUSY LA TRADITION DU GOUT DEPUIS 1922,,,25400,AUDINCOURT,,
﻿538958232,2019-09-01,1071CB,"86 QUAI DE LA SEILLE,  ",LA TUILE GOURMANDE,,,,,,,39140,RUFFEY-SUR-SEILLE,,
﻿539194811,2014-03-20,,"17 RUE XAVIER MARMIER,  ",LES DELICES DE VENISE,,,,LES DELICES DE VENISE,,,25000,BESANCON,,
﻿751524679,2019-06-01,1071CB,"  LA MARJORIE NORD,  CENTRE COMMERCIAL",AU PAIN D'ANTAN,,AU PAIN D'ANTAN,,,,,39000,LONS-LE-SAUNIER,,
﻿751824178,2021-09-01,1071CB,"52 RUE DE VESOUL,  ",CELINE ET JONATHAN FIVEL,,,,,,,25000,BESANCON,381502784,boulangerieletoublon@wanadoo.fr
﻿751824178,2022-07-25,1071CB,"12 RUE BERSOT,  ",CELINE ET JONATHAN FIVEL,,,,,,,25000,BESANCON,,
﻿751845124,2014-09-15,1071CB,"48 GR RUE,  ",LA FRIANDINE,,,,,,,39410,SAINT-AUBIN,384701243,lepanierdefrometons@gmail.com
﻿751845124,2017-07-24,1071CB,"29 RUE DE DOLE,  ",LA FRIANDINE,,,,,,,39500,TAVAUX,,
﻿751845124,2021-07-31,1071CB,"2 RUE DE LA MILLIERE,  ",LA FRIANDINE,,,,,,,39700,ROCHEFORT-SUR-NENON,,
﻿752499038,2019-11-29,1071CB,"69 RUE DE DOLE,  ",LE PALAIS DES PAINS,,LE PALAIS DES PAINS,,ARTISAN BOULANGER PATISSIER,,,25000,BESANCON,,
﻿752649848,2017-02-07,1071CB,"5383 RUE DE LA COMBE DU PUITS,  ",CT MATHEY,,CT MATHEY,,CT MATHEY,,,25480,ECOLE-VALENTIN,,
﻿752860429,2015-05-29,1071CB,"2 PL DE LA MAIRIE,  ",SARL DENIMAL PERE ET FILS,,,,,,,21200,BLIGNY-LES-BEAUNE,,
﻿753530120,2018-02-05,1071CB,"39 RTE DE DIJON,  ",BOULANGERIE-PATISSERIE PERRIGOT,,,,,,,21110,LONGECOURT-EN-PLAINE,,
﻿788463743,2018-08-31,1071CB,"1 PL DE LA LIBERTE,  ",LA SYMPHONIE DES BLES,,SARL GANDROZ,,,,,39700,FRAISANS,,
﻿788914190,2021-03-01,1071CA,"1 PL DE LA REPUBLIQUE,  ",,,ISI PADOUCCI,,,XAVIER,FROMAGET,21210,SAULIEU,,
﻿789990892,2014-12-09,,"  24 RUE DU CHAMP GUILLAUME,  ",SOCIETE BOURGUIGNONNE DE PATISSERIE,,,,,,,21190,TAILLY,,
﻿789990892,2018-09-27,,"5 RTE DE MONCEY,  ",SOCIETE BOURGUIGNONNE DE PATISSERIE,,,,,,,25870,THUREY-LE-MONT,,
﻿790476329,2021-12-21,1071CB,"9 RUE DU BOURG,  ",,,AU FOURNIL DE MON ENFANCE,,AU FOURNIL DE MON ENFANCE,FABRICE,GUINOT,21110,LONGCHAMP,,
﻿792077745,2020-12-30,1071CB,"54  GRANDE RUE,  ",PLUS BELLE LA BOULANGERIE,,PLUS BELLE LA BOULANGERIE,,PLUS BELLE LA BOULANGERIE,,,25170,RECOLOGNE,,
﻿797723095,2017-08-24,,"35 RUE DE BELFORT,  ",J.C.E.,,,,,,,25000,BESANCON,,
﻿798463501,2014-02-17,," RUE CHARLES ANDRE REMI ARNOULT,  ",GROUPE EMILE PARISSE,,,,EMILE PARISSE,,,21700,NUITS-SAINT-GEORGES,,
﻿798463501,2018-01-08,,"3 RUE VAILLANT,  ",GROUPE EMILE PARISSE,,EMILE PARISSE,,EMILE PARISSE,,,21000,DIJON,,
﻿799075593,2014-01-03,,"32 RUE DE LA GARE,  ",A CROQUER,,,,A CROQUER,,,25800,VALDAHON,381563389,guiot.jonas@orange.fr
﻿799151774,2014-01-01,,"577 CRS DE GRAY,  ",LA ROMANE,,,,,,,21850,SAINT-APOLLINAIRE,,
﻿799151774,2014-01-01,," RUE DE LA VIGNE AUX CHIENS,  CENTRE COMMERCIAL DE LA FLEURIEE",LA ROMANE,,,,,,,21850,SAINT-APOLLINAIRE,,
﻿799606009,2017-02-21,1071CB,"52 RUE SAINT DESIRE,  ",SARL CATHIE,,,,MATHIEU PAGET,,,39000,LONS-LE-SAUNIER,,
﻿799606009,2021-09-01,1071CB,"29 RUE DU COMMERCE,  ET 31 ET 33 RUE DU COMMERCE",SARL CATHIE,,,,LA CROQUANTINE,,,39000,LONS-LE-SAUNIER,,
﻿799711445,2014-01-14,,"2 RUE FERDINAND MERCUSOT,  ",BOULANGERIE GEORGET,,,,BOULANGERIE GEORGET,,,21540,SOMBERNON,,
﻿799812847,2014-01-20,,"4 RTE NATIONALE,  ",LA FOURNEE LOSNOISE,,LA FOURNEE LOSNOISE,,LA FOURNEE LOSNOISE,,,21170,LOSNE,380290392,commerce.fm21@gmail.com
﻿799813977,2014-01-07,,"85 AV MAL DE LATTRE DE TASSIGNY,  ","SARL ""GOMEZ-JONQUET""",,,,,,,39100,DOLE,,
﻿799940580,2014-01-10,,"40 RUE DOMINIQUE ANCEMOT,  ",SAS NT.GA,,,,,,,21120,IS-SUR-TILLE,,
﻿799940580,2014-02-01,,"9  GRANDE RUE,  ",SAS NT.GA,,,,,,,21120,MARCILLY-SUR-TILLE,,
﻿799940580,2015-06-08,1071CA,"38 RUE D'AVAL,  ",SAS NT.GA,,,,CROUSTILLE PAIN,,,21120,TIL-CHATEL,,
﻿799940580,2021-09-13,1071CA,"12 RUE FRANCOIS MITTERAND,  ",SAS NT.GA,,AU FOURNIL D'ALICE ET MARIE,,AU FOURNIL D'ALICE ET MARIE,,,21120,IS-SUR-TILLE,,
﻿800013872,2014-01-23,,"11  LE BEUGNON,  ",LES PAPILLES,,,,MAISON VIENNET 1861,,,25570,GRAND'COMBE CHATELEU,,
﻿800013872,2014-02-01,,"7 RUE DES SAPINS,  ",LES PAPILLES,,,,MAISON VIENNET 1861,,,25650,GILLEY,,
﻿800040958,2014-01-24,,"3 RUE PIERRE BERCOT,  ",LES TREFLES,,,,MAISON VIENNET 1861,,,25130,VILLERS-LE-LAC,,
﻿800040958,2014-02-01,,"  LE COL DES ROCHES,  ",LES TREFLES,,,,MAISON VIENNET 1861,,,25130,VILLERS-LE-LAC,,
﻿800337685,2014-02-07,,"6 RUE ROUSSIN,  ",BOULANGERIE PATISSERIE CHEZ AURELIE ET YOHAN,,BOULANGERIE PATISSERIE CHEZ AURELIE ET YOHAN,,BANETTE,,,39260,MOIRANS-EN-MONTAGNE,384420062,yohan.marillier@orange.fr
﻿800431975,2020-01-10,1071CA,"8 RUE DE L'ECOLE,  ",,,LE CHAT DES NOISETTES,,LE CHAT DES NOISETTES,MATTHIEU,BOURGEOIS,25330,DESERVILLERS,,
﻿800552010,2014-01-22,,"56 RUE MIRABEAU,  ",LA MI DO RE,,LA MI DO RE,,LA MI DO RE,,,25220,CHALEZEULE,,
﻿800897332,2014-02-24,,"5 RUE ANDRE GLEITZ,  ",GERRIET BENJAMIN,,,,,,,39100,CHAMPVANS,,
﻿801065673,2014-04-01,,"19 RUE ARMAND ROUX,  ",AU PETIT VILLERS,,,,,,,21130,VILLERS-LES-POTS,,
﻿801432469,2014-03-10,,"46 AV GENERAL DE GAULLE,  ",LES GRANGES,,,,LE PAIN DES GRANGES,,,21130,AUXONNE,380661111,lagrangeapainauxonne@orange.fr
﻿801494717,2022-03-01,1071CB,"56 RUE DES PERRIERES,  APPT 57",,,EI LE LEVAIN LA VIE,,,LAURENCE,GAUTHIER,21000,DIJON,,
﻿801977075,2014-04-15,,"6 ALL DES GLAIEULS,  ",AU BON PAIN,,,,,,,25000,BESANCON,,
﻿801977075,2018-03-14,1071CA,"16 BD WINSTON CHURCHILL,  16-18",AU BON PAIN,,,,,,,25000,BESANCON,,
﻿801999715,2014-04-16,,"16 RTE DE BESANCON,  ",L'EPICERIE DU BORD DE L'EAU,,,,,,,25930,LODS,,
﻿802093674,2014-12-05,1071CB,"44 AV FRANCOISE GIROUD,  ",LA FABRIQUE,,LA FABRIQUE MAISON PERRIN,,LA FABRIQUE MAISON PERRIN,,,21000,DIJON,,
﻿802947671,2014-07-06,,"16 RTE DES GORGES DE NOUAILLES,  ",LA PETITE EPICERIE,,LA PETITE EPICERIE,,,,,25920,MOUTHIER-HAUTE-PIERRE,,
﻿803062868,2014-06-23,1071CB,"41  GRANDE RUE,  ",BOULANGERIE D'AGNES ET CEDRIK,,,,,,,21700,CORGOLOIN,,
﻿803090075,2014-06-01,1071CB,"1 RUE DU MIROIR,  ",,,,,DECOEUR,STEPHANE,DECOEUR,21700,COMBLANCHIEN,,
﻿803424365,2014-06-25,1071CB,"25  GRANDE RUE,  ",LE FOURNIL DE JEAN-MARC,,,,,,,25750,AIBRE,,
﻿803440189,2014-07-07,1071CB,"20 RUE CHARLES DE GAULLE,  ",VINCENT CHAVELET,,,,,,,25410,SAINT-VIT,,
﻿803663111,2017-05-01,1071CB," RUE DE LA PETITE FIN,  ",LAIDET ANTHONY,,COM'1 CHOU,,COM'1 CHOU,,,21490,SAINT-JULIEN,,
﻿803824192,2014-12-01,," PL BOSSUET,  2 RUE PIRON",APDMGP,,,,AU PAIN DE MON GRAND PERE,,,21000,DIJON,380423962,apdmgpdijon@gmail.com
﻿803824192,2014-12-01,1071CB,"2 RUE PIRON,  ANGLE DE LA PLACE BOSSUET ET DU",APDMGP,,,,,,,21000,DIJON,,
﻿803878040,2014-05-01,1071CA,"60 RUE DE SALINS,  ",KARDES & ABDUL,,KARDES & ABDUL,,,,,25300,PONTARLIER,,
﻿803923549,2014-08-01,,"70 RUE DU TRANSVAAL,  ",TANNIAO,,,,MAISON ROGER,,,21000,DIJON,,
﻿804060614,2014-07-28,1071CB,"37 RUE BERBISEY,  ",LA BOULANGE,,LA BOULANGE,,LA BOULANGE,,,21000,DIJON,380421639,laboulangeberbisey@gmail.com
﻿804085660,2014-08-17,1071CA,"4 RUE ROUTE D'AUXONNE,  ROUTE D'AUXONNE ""LA FERME DE L'AUBEPIN",,,,,,PHILIPPE,LEICHTNAM,39290,MOISSEY,,
﻿804208577,2014-08-26,1071DZ,"34  GRANDE RUE,  ",SARL GERMAIN-ROMER,,,,CLEMENT & ASTRID,,,25770,FRANOIS,,
﻿804674778,2014-09-18,1071CB,"2 GR RUE,  ",BOULANGERIE THIEROT,,,,,,,39800,BUVILLY,,
﻿804676963,2014-08-29,,"267 CRS DE GRAY,  ",BOULANGERIE TRESSE NATHALIE ET ANNE,,,,,,,21850,SAINT-APOLLINAIRE,380192911,tresse.anne@gmail.com
﻿804866838,2014-09-15,1071CB,"23  GRANDE RUE,  ",EURL FERRARI ROMAIN,,BOULANGERIE DES DEUX RIVIERES,,BOULANGERIE DES DEUX RIVIERES,,,25190,SAINT-HIPPOLYTE,,
﻿804885754,2014-09-15,1071CB,"4 RUE LOUIS BARTHOU,  ",L'ATELIER D'ANGELIQUE ET FREDERIC,,,,,,,21250,SEURRE,,
﻿805041076,2014-10-03,1071CB,"38 RUE DE LA REPUBLIQUE,  ",BOULANGERIE DE LA REP,,BOULANGERIE DE LA REP,,BOULANGERIE DE LA REP,,,21250,SEURRE,,
﻿805087095,2014-10-06,,"28 RUE PARADIS,  ",,,,,,TAEKO,YAMAZAKI,21200,BEAUNE,,
﻿807490768,2014-10-24,1071CB,"1 PL HENRI LISSAC,  ",SARL BERTRAND,,,,LA BOULANGERIE DES TROIS LIONS,,,39400,HAUTS DE BIENNE,,
﻿807844063,2014-11-17,1071CA,"32 RTE DE DIJON,  ",THORET-FLORE,,,,,,,21110,THOREY-EN-PLAINE,,
﻿807955851,2014-12-10,,"33 RUE MARECHAL LECLERC,  ",,,LA GANACHE,,LA GANACHE,LAETITIA,RATTOT,39100,DOLE,,
﻿808054837,2016-07-13,,"12 PL DU MONUMENT,  ",MAISON PERONNE,,,,,,,21190,PULIGNY-MONTRACHET,,
﻿808361877,2014-11-14,1071CA,"2 RTE NATIONALE,  ",LE FOURNIL FRANC-COMTOIS,,LE FOURNIL FRANC-COMTOIS,,,,,39100,PARCEY,,
﻿809483860,2015-02-02,1071CB,"21 RUE DU CHATEAU,  ",AUX DELICES DE SANDRINE,,SANDRINE ET FRANCOIS,,AUX DELICES DE SANDRINE,,,21320,COMMARIN,380492672,sandrine@demanget.com
﻿809483860,2019-11-01,1071CB,"10 PL DE LA LIBERATION,  ",AUX DELICES DE SANDRINE,,,,,,,21320,POUILLY-EN-AUXOIS,,
﻿810046854,2015-02-26,1071CB,"9 AV GASTON RENAUD,  ",LA BOULANGERIE DU ROCHER,,,,,,,25340,PAYS-DE-CLERVAL,,
﻿810078147,2015-02-19,1071CB,"6 AV JEAN DE LATTRE,  ",LE FOURNIL SAUGEAIS,,,,,,,25650,GILLEY,381433714,lefournilsaugeais@orange.fr
﻿810268003,2015-01-28,1071CB,"2 RUE MONGE,  ",BOULANGERIE BOUILLOT,,BOULANGERIE BOUILLOT,,BOULANGERIE BOUILLOT,,,21200,BEAUNE,380241038,jeremiebouillot@orange.fr
﻿811176486,2015-04-16,1071CB,"  LE MARTINET DU BAS,  ",SARL TRUCHOT,,,,FESTIVAL DES PAINS,,,39110,SALINS-LES-BAINS,384733498,truchot.maxime@orange.fr
﻿811404979,2015-05-15,1071CB,"32 RUE LECOURBE,  ",LT2N,,BOULANGERIE NICOLAS ET NADEGE AMATE,,,,,39000,LONS-LE-SAUNIER,,
﻿811554393,2015-07-09,1071CB,"41 GR RUE,  ",AUX PLAISIRS DES GOURMANDS,,,,,,,39120,CHAUSSIN,,
﻿811663590,2016-04-19,,"69 RUE DE DOLE,  ",MALYMA,,,,,,,25000,BESANCON,,
﻿811674118,2015-05-27,1071CB,"129 RUE DE LA FONTAINE,  ",LA BOUL'ANGE,,LA BOUL'ANGE,,LA BOUL'ANGE,,,39230,PASSENANS,,
﻿811705961,2020-07-01,1071CB,"25 RUE DU BAS,  LES PIARDS",PHIL & PAT,,BOULANGERIE PATISSERIE PETIT,,,,,39150,NANCHEZ,,
﻿811807023,2015-05-26,,"44 RUE DU MARCHE,  ",BOULANGERIE PATISSERIE RABUTEAU,,,,,,,21210,SAULIEU,,
﻿811807023,2021-12-01,1071CB,"12 RUE DES FOURS,  ",BOULANGERIE PATISSERIE RABUTEAU,,MAELLE,,MAELLE,,,21210,SAULIEU,,
﻿812103828,2015-09-07,1071CB,"26 PL DES LUMIERES,  ",LE BONJOUR,,,,,,,25000,BESANCON,,
﻿812143592,2016-02-18,1071CA," ESP DU BREUIL,  ",LA BOULANG',,AU PETRIN BAUMOIS,,AU PETRIN BAUMOIS,,,25110,BAUME-LES-DAMES,381869807,christophe.delacroix25@orange.fr
﻿812359339,2015-07-09,1071CA,"39 AV DU LAC,  ",LA BOULANGERIE DU PALAIS,,,,,,,21000,DIJON,,
﻿812455111,2015-08-01,,"20 RUE DE LA SABLIERE,  ",LA SABLIERE,,,,,,,21000,DIJON,371198231,chartonjimmy@gmail.com
﻿812513588,2015-07-10,1071CB,"16 RUE FELIX BOUGEOT,  ",L'AMOUR DU PAIN,,,,L'AMOUR DU PAIN,,,25110,BAUME-LES-DAMES,,
﻿813149606,2015-07-30,,"6 RTE DE PONTAILLER,  ",,,BOULANGERIE PATISSERIE MURIELLE & DAVY HUGONNET,,MAISON DE ST HONORE,DAVY,HUGONNOT,21270,MAXILLY-SUR-SAONE,,
﻿813239209,2015-08-05,1071CB,"7 RUE JULES GREVY,  ",SARL MARCELINO,,BOULANGERIE DU VAL D'AMOUR,,BOULANGERIE DU VAL D'AMOUR,,,39380,MONT-SOUS-VAUDREY,,
﻿813241973,2015-09-01,,"48 RUE DE LA REPUBLIQUE,  ",SARL DERVIN,,,,BANETTE,,,21340,NOLAY,380217196,boulangeriedervin@orange.fr
﻿813329711,2015-10-01,,"7 RUE DE LA PREMIERE ARMEE,  ",,,,,,ALISON,GUILLIN,21110,LONGEAULT-PLUVAULT,,
﻿813457389,2015-10-01,1071CB,"13 PL DE LA MAIRIE,  ",PATISSERIE ALEXANDRE VUEZ,,PATISSERIE ALEXANDRE VUEZ,,PATISSERIE ALEXANDRE VUEZ,,,25370,LES HOPITAUX-NEUFS,381383724,patisserie.alexandre.vuez@gmail.com
﻿813636594,2015-09-18,1071CB,"10 RUE DU GENERAL LECLERC,  ",ABCK,,,,,,,25200,MONTBELIARD,,
﻿813638335,2015-09-21,1071CB,"1 RES RAU DE BOUY,  ",TYRODE,,,,LE RELAIS DES SAVEURS,,,25660,MONTFAUCON,363352856,maximesch@yahoo.fr
﻿813978087,2015-09-25,," RUE ST ROCH,  ",LPDM,,,,LE PAIN DU MARCHE,,,21500,MONTBARD,,
﻿814021242,2015-10-15,1071CB,"  6A RUE PAUL AUBAN,  ZONE COMMERCIALE LA MIREBELLE",LA PORTEUSE DE PAINS,,LA PORTEUSE DE PAINS,,,,,21310,MIREBEAU-SUR-BEZE,380566666,laporteusedepains1@gmail.com
﻿814346482,2015-10-08,1071CB,"5 PL DE LA LIBERTE,  ",LE DAHERON,,,,,,,39000,LONS-LE-SAUNIER,,
﻿814593083,2015-11-04,1071CA,"2 RUE JEAN WYRSCH,  ",LES CABANES A PAIN,,,,,,,25000,BESANCON,,
﻿814934402,2015-11-10,,"25 RUE DE DIJON,  ",GUENON,,,,,,,21560,ARC-SUR-TILLE,,
﻿815104484,2021-08-19,1071CB,"22 RUE AU BOUCHET,  ",DU PAIN POUR DEMAIN,,DU PAIN POUR DEMAIN,,DU PAIN POUR DEMAIN,,,21000,DIJON,,
﻿815319785,2015-12-10,," CHS DE L EUROPE,  ",CLOMIUS,,,,,,,21400,CHATILLON-SUR-SEINE,,
﻿817692148,2016-02-01,1071CB,"10  GRANDE RUE,  ",LE PETRIN DES SAVEURS,,,,,,,25360,NANCRAY,,
﻿817733587,2016-02-01,1071CB,"72 RUE DU FAUBOURG ST MARTIN,  ",LE FOURNIL DE FONTAINE,,,,,,,21121,FONTAINE-LES-DIJON,,
﻿817920796,2016-01-06,,"71 RUE ANTOINE MASSON,  ",PATACHOU,,PATACHOU,,PATACHOU,,,21130,AUXONNE,380651454,nolwenn.legendre@wanadoo.fr
﻿817950934,2016-01-18,1071CB,"4 RUE ST URSANNE,  ",BOULANGERIE PATISSERIE DU COUVENT,,,,,,,25190,SAINT-HIPPOLYTE,,
﻿818033557,2016-01-22,1071CB,"1 RUE DU PONT DE POUILLEY,  ",BOULANGERIE JEANNIN,,BOULANGERIE JEANNIN,,BOULANGERIE JEANNIN,,,25410,SAINT-VIT,,
﻿818159600,2015-12-02,1071CB,"4 RUE DE MALTROU,  ",LA GENINE,,,,,,,25520,SOMBACOUR,,
﻿818231813,2016-01-27,,"8 RTE DE BEAUNE,  ",VANCON,,LA BELINEENNE,,LA BELINEENNE,,,21360,BLIGNY-SUR-OUCHE,,
﻿818350019,2016-02-10,1071CB,"3 RUE MARULAZ,  ",BOULANGERIE C.W.,,,,BOULANGERIE CHEZ WILLIAM,,,25000,BESANCON,,
﻿818511958,2016-02-01,,"2 RUE DES GRANDES VARENNES,  ",BERNARDIN,,,,,,,21121,AHUY,380662772,contact@le-b.bio
﻿818511958,2019-09-02,1071CB,"2 RUE GUSTAVE EIFFEL,  ",BERNARDIN,,,,BOULANGERIE LE B,,,21200,BEAUNE,,
﻿818582207,2016-01-21,1071CB,"45 BD LEON BLUM,  ",LA VALENTINE,,,,,,,25000,BESANCON,381631900,ilija.estmat@gmail.com
﻿818718769,2016-02-26,,"5 PL DU CRAQUELIN,  ",BOULANGERIE DU CRAQUELIN,,BOULANGERIE DU CRAQUELIN,,,,,21230,ARNAY-LE-DUC,380901958,boulangerieducraquelin@orange.fr
﻿819234832,2016-04-01,1071CB,"12 RUE FRANCOIS XAVIER BICHAT,  ZONE COMMERCIALE DES GRANDES EPENOTTES",SOCIETE POIFFAUT GERALD,,,,,,,39100,DOLE,,
﻿819234832,2022-09-01,1071CB,"8 RUE DE DOLE,  ",SOCIETE POIFFAUT GERALD,,,,,,,39100,SAMPANS,,
﻿820219574,2016-05-06,1071CB,"2 RTE DE BESANCON,  ",BILLOD-LAILLET,,,,BLA-BLA,,,25210,BONNETAGE,381686126,boulangerie.bonnetage@orange.fr
﻿820603116,2016-05-30,,"11 RTE DE FONTAINE FRANCAISE,  ",SARL MAISON AUBERT,,,,,,,21490,VAROIS-ET-CHAIGNOT,380700859,marielle.arnaud@orange.fr
﻿820822823,2016-01-01,,"8 RUE CHARLES DULLIN,  ",E.J.K.,,,,,,,21240,TALANT,,
﻿821137080,2016-06-23,1071CB,"18  GRANDE RUE,  ",EURL PICOT,,BOULANGERIE DE LA LOUE,,,,,25440,CHENECEY-BUILLON,,
﻿821192408,2022-10-01,1071CA,"43  GRANDE RUE DU MEIX,  ",,,LA BOULANGERIE DU ROND-POINT,,,JEAN-MARIE,BOUDET,39230,LOMBARD,,
﻿821213022,2016-06-23,1071CB,"23  GRANDE RUE,  ",BONVALOT-SEIGNE,,LE FOURNIL D'EPENOY,,,,,25800,EPENOY,381562302,bonvalot.arnaud@orange.fr
﻿821213022,2017-10-03,,"1 RUE DU CHATEAU,  ",BONVALOT-SEIGNE,,LE FOURNIL D'EPENOY,,,,,25530,VERCEL-VILLEDIEU-LE-CAMP,,
﻿821394707,2016-06-29,,"55 RUE DE BESANCON,  ",O FOURNIL DE BEURE,,,,,,,25720,BEURE,,
﻿821395167,2016-06-29,1071CB,"41 AV MARECHAL JUIN,  ",TAHNAE,,TAHNAE,,KADE KOFFI,,,39100,DOLE,,
﻿821395167,2016-09-01,1071CB,"7 AV EISENHOWER,  ",TAHNAE,,,,,,,39100,DOLE,,
﻿821395167,2017-06-01,1071CB,"89 RTE NATIONALE,  ",TAHNAE,,AU FOURNIL DE L'EGLISE,,,,,39500,TAVAUX,,
﻿821581535,2016-07-18,1071CB,"2 RTE DE QUINGEY,  ",A2VG,,LA TRADITION DU LOUP,,,,,25320,BOUSSIERES,381565171,contact@latraditionduloup.fr
﻿821623253,2021-08-24,1071CB,"23 RUE TRAVOT,  ",AUX 3 EPIS,,AUX 3 EPIS,,AUX 3 EPIS,,,39800,POLIGNY,,
﻿822048203,2016-08-16,,"15 RUE DU DOCTEUR ANDRE BARBIER,  ",SOCIETE HUGEL,,LAURENT ET PATRICIA,,,,,21000,DIJON,,
﻿822086286,2016-08-01,,"11 PL DE L'HOTEL DE VILLE,  ",LE 7EME PECHE,,,,,,,21190,MEURSAULT,,
﻿822519740,2016-09-06,1071CB,"30 RUE DES SALINES,  ",TREFFOT,,LA SALINOISE,,LA SALINOISE,,,39000,LONS-LE-SAUNIER,,
﻿823077490,2022-02-16,,"1 PL DENFERT ROCHEREAU,  ",WANAKA,,LA MIE CALINE,,LA MIE CALINE,,,25200,MONTBELIARD,,
﻿823132717,2016-10-05,1071CA,"25 RUE PIERRE CURIE,  ",SAS CRONIN MICHAEL,,,,LE FOURNIL DE GRAND-CHARMONT,,,25200,GRAND-CHARMONT,,
﻿823149463,2016-11-02,,"1 RUE EZ PENOTTES,  25 27 RUE DES ATELIERS ET",MAISON PAROTY,,,,,,,21000,DIJON,380355328,maisonparotydijonsud@paroty.fr
﻿823201157,2016-10-13,1071CB," RUE CRET DU BIEF,  ",BOULANGERIE PATISSERIE THAURIN,,,,THAURIN ARTISAN BOULANGER PATISSIER,,,39170,LAVANS-LES-SAINT-CLAUDE,384412473,franck.thaurin@gmail.com
﻿823253604,2016-10-20,1071CB,"5 PL DU CENTRE,  ",EURL MATTHIEU ZEEH,,,,,,,25150,DAMBELIN,,
﻿823670088,2016-12-01,,"21 RUE MUSETTE,  21-23",CRS,,,,BOULANGERIE PAUL,,,21000,DIJON,,
﻿823670088,2016-12-01,," AV DE BOURGOGNE,  CENTRE COMMERCIAL GRAND QUETIGNY",CRS,,,,BOULANGERIE PAUL,,,21800,QUETIGNY,,
﻿823696661,2016-11-08,1071CA,"2 RUE DE LA GARDE,  ",B.P.T.S.,,BOULANGERIE DES 2 LACS,,BOULANGERIE DES 2 LACS,,,39130,CLAIRVAUX-LES-LACS,384442900,bptssas@gmail.com
﻿823875737,2016-09-01,1071CB,"48 AV JACQUES DUHAMEL,  ",BOULANGERIE WEIL,,,,,,,39100,DOLE,,
﻿824316343,2016-10-13,1071CB,"14  GRANDE RUE,  ",ROBINET,,LE FOUR A BOIS,,,,,25320,CHEMAUDIN ET VAUX,,
﻿824671143,2017-01-02,1071CB,"11 RUE DU COMMERCE,  ",AQY,,,,,,,21800,QUETIGNY,,
﻿824922249,2017-01-12,1071CB," PL OSBURG,  LES RIVES DE L'OUCHE",BOULANGERIE DES TROIS PONTS,,BOULANGERIE DES TROIS PONTS,,BOULANGERIE DES TROIS PONTS,,,21370,VELARS-SUR-OUCHE,,
﻿824949051,2017-03-15,,"17 BD DU CHAMP AUX METIERS,  ",INVEST DJ,,,,LA MIE DE PAIN,,,21800,QUETIGNY,,
﻿825169915,2017-01-19,1071CB,"50 RUE DU 17 NOVEMBRE,  ",O FOURNIL DE MANDEURE,,A LA BOUL'ANGE,,A LA BOUL'ANGE,,,25350,MANDEURE,,
﻿825279003,2016-12-22,1071CB,"66 RUE DE LONGVIC,  ",BOULANGERIE CHABERT,,,,BOULANGERIE CHABERT,,,21000,DIJON,,
﻿825369564,2017-08-01,1071CB,"5 RTE NATIONALE,  ",LA FOURNEE DU REVERMONT,,,,,,,39190,SAINTE-AGNES,,
﻿825369564,2018-10-01,1071CA,"55 RUE LOUIS LE GRAND,  ",LA FOURNEE DU REVERMONT,,,,,,,39140,BLETTERANS,,
﻿825369564,2020-10-23,1071CB,"497  EN POIRIER DORE,  ",LA FOURNEE DU REVERMONT,,,,,,,39570,VILLENEUVE-SOUS-PYMONT,,
﻿825376510,2017-01-24,1071CB,"17 RUE CENTRALE,  ",LA CHOUPATIE,,,,LA CHOUPATIE,,,25230,DASLE,,
﻿827763707,2017-02-13,1071CB,"3 RUE DU DOUBS,  ",N.A.S,,,,,,,25400,AUDINCOURT,381316341,lefournildarthur@gmail.com
﻿827806183,2017-02-17,1071CB,"58 RUE DU CHAPITRE,  ",LE CHAPITRE DE MELANIE,,,,,,,21000,DIJON,380410195,melanie-charlot@outlook.fr
﻿828056358,2017-03-01,1071CB,"42  GRANDE RUE,  ",AU BLE MOULU,,,,,,,25640,ROULANS,381555106,aublemoulu@gmail.com
﻿828593095,2017-03-20,1071CB,"22 RUE DE LA VELLE,  ",LA MIE JOLY,,LA MIE JOLY,,LA MIE JOLY,,,25380,BELLEHERBE,381443074,cdemanet@gmail.com
﻿828593095,2018-11-01,1071CB,"15  GRANDE RUE,  ",LA MIE JOLY,,,,,,,25430,SANCEY,,
﻿828597096,2017-03-27,1089ZZ,"3 PL XAVIER AUTHIER,  ",MENETRIER,,,,,,,25370,METABIEF,,
﻿828673202,2017-03-18,1071CB,"36 PL DE LA LIBERTE,  ",AUX PETITS PAINS DES ARCADES,,LA BOULANGERIE DES ARCADES,,,,,39600,ARBOIS,,
﻿828859827,2017-05-02,1071CB,"1 RUE DU MAGASIN,  ",,,BOULANGERIE DEBORD LUDOVIC,,,LUDOVIC,DEBORD,39300,PONT-DU-NAVOY,,
﻿829273556,2017-03-28,1071CB,"23 RUE DU VAL SAUGEAIS,  ",AUX DELICES DE MONTBENOIT,,,,,,,25650,MONTBENOIT,,
﻿829472471,2017-04-07,1071CA,"12 RUE VOLTAIRE,  ",BOUHOT II,,,,,,,21140,SEMUR-EN-AUXOIS,,
﻿829475995,2017-05-09,,"91 RUE D AUDINCOURT,  ",AU FOUR A BOIS,,,,,,,25230,SELONCOURT,,
﻿829504323,2020-07-06,1071CA,"3 AV LUCIEN FEBVRE,  ",BOULANGERIE BONACCIO,,,,,,,39160,SAINT-AMOUR,,
﻿830100467,2017-06-07,1071DZ,"7 RUE DE LA LIBERTE,  ",LES CO'PAINS D'ABORD,,LES CO'PAINS D'ABORD,,,,,21000,DIJON,,
﻿830234993,2017-10-01,1071CB,"20 RUE DU GENERAL DE GAULLE,  ",BOULANGERIE LA MIE COMTOISE,,,,,,,25450,DAMPRICHARD,381444521,pascal.dabouzi@yahoo.fr
﻿830510467,2017-06-07,1071CB,"64 RUE DU FAUBOURG MADELEINE,  ",AGNELLO,,,,,,,21200,BEAUNE,,
﻿830793238,2022-09-27,1071CA,"46 AV LEO LAGRANGE,  ",MURGIA,,,,,,,25000,BESANCON,,
﻿830900445,2017-06-30,1071CB,"6 RUE DE LA CARRIERE,  ",BOULANGERIE PATISSERIE A.P.A.,,BOULANGERIE PATISSERIE A.P.A.,,,,,39570,HAUTEROCHE,,
﻿830900445,2018-12-01,1071CB,"52 RUE BASSE,  ",BOULANGERIE PATISSERIE A.P.A.,,BOULANGERIE PATISSERIE A.P.A.,,,,,39570,CONLIEGE,,
﻿830935052,2017-07-08,1071CB,"91 AV ARISTIDE BRIAND,  ",JEANSON,,AU ROND POINT GOURMAND,,AU ROND POINT GOURMAND,,,21000,DIJON,,
﻿831251277,2017-07-28,1071CB,"13 RUE DE BESANCON,  ",LODEN,,,,,,,39100,DOLE,,
﻿831335245,2017-08-01,1071CA,"9 RUE DU CHATELET,  ",BOULANGERIE VALENTIN,,BOULANGERIE VALENTIN,,BOULANGERIE VALENTIN,,,39160,SAINT-AMOUR,,
﻿831412879,2018-09-01,1071CB,"12 RUE GUSTAVE COURBET,  ",VIEIRA DA SILVA,,,,A'TELIER DU PAIN,,,25000,BESANCON,,
﻿831612361,2017-08-10,1071CB,"43  GRANDE RUE,  ",DIRAND PHILIPPE,,AU FOUR ET AU MOULIN,,AU FOUR ET AU MOULIN,,,21160,PERRIGNY-LES-DIJON,,
﻿831772587,2017-09-01,1071CA,"19 RUE DE L'EGLISE,  ",LA MIE'TIE,,LA MIE'TIE,,LA MIE'TIE,,,39210,DOMBLANS,,
﻿831801550,2017-08-25,1071CB,"35 RUE DE L ARTISANAT,  ",BOULANGERIE O PAINS DU LAC,,O PAINS DU LAC,,O PAINS DU LAC,,,39220,LES ROUSSES,,
﻿832095079,2017-09-01,1071CB,"5 PL RENE CASSIN,  ",FESTI-PAIN PLANOISE,,FESTI DE CASSIN FESTI ILE DE FRANCE,,FESTI DE CASSIN FESTI ILE DE FRANCE,,,25000,BESANCON,,
﻿832270441,2017-09-25,1071CA,"2 RUE DU VILLAGE,  ",ANGUENOT SEBASTIEN,,SASU ANGUENOT SEBASTIEN,,LE PALAIS DES DELICES,,,25870,CUSSEY SUR L'OGNON,,
﻿833538283,2017-11-24,1071CB,"20 RUE DE BESANCON,  ",FOUGERAY,,BOULANGERIE FOUGERAY,,BOULANGERIE FOUGERAY,,,25320,MONTFERRAND-LE-CHATEAU,,
﻿833667934,2017-11-27,1071CB,"179 AV MARECHAL JUIN,  ",LA PAUSE GOURMANDE DE MARIE,,LA PAUSE GOURMANDE DE MARIE,,LA PAUSE GOURMANDE DE MARIE,,,39100,DOLE,384795236,la-pause-gourmande-de-marie@orange.fr
﻿833815301,2017-12-01,1071CB," RUE NICOLAS APPERT,  ",LA FEE CHOCOLA'T,,,,,,,39800,POLIGNY,,
﻿833937204,2019-12-01,1071CB,"12  RUE PRINCIPALE,  ",,,,,LA MIE PAIN PAIN,ALAIN,GUILLAUME,25250,MANCENANS,,
﻿833937204,2020-10-01,1071CB,"2 RUE DE LA FONTAINE,  CLERVAL",,,,,LA MIE PAIN PAIN,ALAIN,GUILLAUME,25340,PAYS-DE-CLERVAL,,
﻿838175404,2018-03-12,,"2 RUE DE MONTBARD,  ",CABOULOT 21,,,,CABOULOT 21,,,21400,COULMIER-LE-SEC,,
﻿838193316,2018-03-14,1071CB,"8 RTE DE LA POSTE,  ",AMJ2C,,LE FOURNIL DU MONT D'OR,,LE FOURNIL DU MONT D'OR,,,25370,LES HOPITAUX-NEUFS,,
﻿838193316,2018-04-04,,"29 RUE SAINT JEAN,  ",AMJ2C,,LE FOURNIL DU MONT D OR,,LE FOURNIL DU MONT D OR,,,25370,ROCHEJEAN,,
﻿838454742,2018-03-01,1071CB,"40 RUE DE BESANCON FRANCOIS MITTERRAND,  ",BOULANGERIE PRUDENT,,LE RUDIBONPAIN,,,,,25150,PONT-DE-ROIDE-VERMONDANS,,
﻿839137023,2018-04-13,1071CB,"80 RUE DU GENERAL DE GAULLE,  ",BATTISTOLO PIERRE,,,,,,,25420,BART,,
﻿839170602,2018-04-23,1071CB,"63  GRANDE RUE,  ",CRELIER FILS,,,,,,,25400,AUDINCOURT,,
﻿839251634,2018-04-19,1071CB,"1 RUE DU CLOS DES AIGES,  ",LA P'TITE MANON,,,,,,,21121,AHUY,,
﻿839368784,2018-05-02,1071CB,"1 RUE DE LA LIBERATION,  ",LA FLUTE ENCHANTEE,,,,,,,25350,MANDEURE,,
﻿839413564,2018-08-01,1071CB,"2 PL DE L'EGLISE,  ",ALEXANDRE MOINE,,AUX DELICES DE MESSIGNY,,AUX DELICES DE MESSIGNY,,,21380,MESSIGNY-ET-VANTOUX,380354538,laroussote@orange.fr
﻿839451234,2018-04-10,,"2 RUE DES SALINES,  ",RICHETON FRERES,,,,,,,25440,QUINGEY,,
﻿839793585,2018-05-24,1071CA,"3  GRANDE RUE,  ",CHEZ BINET,,CHEZ BINET,,CHEZ BINET,,,25360,PASSAVANT,381604441,elisebinet@gmail.com
﻿840308480,2018-06-12,1071CB,"5 RTE DE CHATILLON,  ",MA BOULANGE,,,,,,,25870,CHATILLON-LE-DUC,363354794,adrien.lomberger@outlook.fr
﻿840321194,2018-06-13,1071CA,"5 AV COMMANDANT MARCEAU,  ",SARL GIROD-BRIOT,,BOULANGERIE CEDRIC ET MARYLINE,,,,,25000,BESANCON,,
﻿840458988,2018-06-19,1071CB,"4 RTE DE DIJON,  ",O'P'TIT GLOUTON,,,,O'P'TIT GLOUTON,,,21250,POUILLY-SUR-SAONE,,
﻿840523880,2018-07-01,1071CA,"  EN CURTIL,  ",LE FOUR A BOIS,,LE FOUR A BOIS,,LE FOUR A BOIS,,,39300,VANNOZ,,
﻿840811079,2018-06-29,1071CB,"20 RUE DE DAMPIERRE,  ",S'CIE,,,,L'ATELIER D'OCEANE,,,25420,VOUJEAUCOURT,381901536,atelierdoceane@gmail.com
﻿840978340,2018-06-15,1071CB,"57 AV GENERAL DE GAULLE,  ",BOULANGERIE GENLIS,,LA GRANGE A PAIN,,LA GRANGE A PAIN,,,21110,GENLIS,983824085,pascal-milliere@orange.fr
﻿841004997,2018-07-30,1071CB,"9 PL DE L'HOTEL DE VILLE,  ",SARL STOFLETH,,,,,,,25140,CHARQUEMONT,,
﻿841008006,2018-06-29,1071CB,"2 RUE SOUS LA ROCHE,  ",MAISON SCHORI,,,,,,,25550,PRESENTEVILLERS,,
﻿841100951,2020-01-01,1071CA,"2 RUE DE LA SCIERIE,  ",,,BOIS ET LEVAIN,,,ETIENNE,FOURQUET,25660,MONTROND-LE-CHATEAU,,
﻿841680044,2018-08-06,1071CA,"51 RUE RENE CASSIN,  ",RENE,,,,LE PRE THOMAS,,,21850,SAINT-APOLLINAIRE,,
﻿841731284,2018-07-25,1071CA,"77 RUE JEANNIN,  ",MERLE,,BOULANGERIE MERLE,,BOULANGERIE MERLE,,,21000,DIJON,,
﻿841788870,2018-08-17,1071CB,"59 RUE DE BESANCON,  ",NEW BOULANG,,,,,,,25300,PONTARLIER,,
﻿841788870,2018-10-01,,"78 RUE DE BESANCON,  ",NEW BOULANG,,,,,,,25300,PONTARLIER,,
﻿841829898,2018-08-15,1071CA,"5 BD EIFFEL,  ",L'ATELIER GOURMAND,,L'ATELIER GOURMAND,,L'ATELIER GOURMAND,,,21600,LONGVIC,,
﻿842231003,2021-03-01,1071CA,"1 RTE DE CHAY,  ",,,LA P'TITE MIETTE,,LA P'TITE MIETTE,DOROTHEE,MATHIEU,25440,BRERES,,
﻿842381329,2018-09-13,1071CA,"20 RTE DE DIJON,  ",LA BOULANGE,,CAMPAILLETTE,,CAMPAILLETTE,,,21600,LONGVIC,,
﻿842381337,2018-10-17,1071CB,"51 RTE DE SEURRE,  ",,,AU PAIN DE VIE,,AU PAIN DE VIE,OMAR,VALSAN,21910,CORCELLES-LES-CITEAUX,,
﻿842611451,2018-09-12,1071CA,"7 RUE DU FAUBOURG BRETONNIERE,  ",PLUCHON,,PLUCHON,,PLUCHON,,,21200,BEAUNE,,
﻿842892192,2018-09-19,1071CB,"11 RUE DU MOULIN,  ",BOULANGERIE FEUCHER,,LA MIE DO RE,,,,,39570,PERRIGNY,,
﻿842892192,2018-11-16,1071CB,"209 RTE DE BESANCON,  ",BOULANGERIE FEUCHER,,LA MIE DO RE,,,,,39000,LONS-LE-SAUNIER,,
﻿843281767,2018-10-19,,"4 RTE DE DIJON,  ",BOULANGERIE JCSE,,,,,,,21470,BRAZEY-EN-PLAINE,,
﻿844254359,2018-12-07,1071CB,"19 AV MAILLOT,  ",LE PALAIS DES DELICES,,,,,,,39570,MONTMOROT,,
﻿844708248,2018-09-01,1071CB,"53 RUE DE VALENTIGNEY,  ",BERNARD GREGORY,,,,LA RONDE DES PAINS,,,25400,AUDINCOURT,,
﻿844722918,2018-12-10,1071CA,"12 GR GRANDE RUE,  ",LA BLAMONTAISE,,,,LA BLAMONTAISE,,,25310,BLAMONT,,
﻿844722918,2022-03-25,1071CA,"13 RUE VIETTE,  ",LA BLAMONTAISE,,,,,,,25310,BLAMONT,,
﻿845129477,2018-12-21,1071CB,"355 RTE DE LYON,  ",BOULANGERIE VICTORIEN FUMEY,,BOULANGERIE FUMEY,,,,,39570,MESSIA-SUR-SORNE,384471818,patrick.fontanelle0532@orange.fr
﻿845129477,2019-03-25,,"35 RUE LOUIS LE GRAND,  ",BOULANGERIE VICTORIEN FUMEY,,BOULANGERIE FUMEY,,,,,39140,BLETTERANS,,
﻿845129477,2019-03-25,,"251 RUE DU JURA,  ",BOULANGERIE VICTORIEN FUMEY,,BOULANGERIE FUMEY,,,,,39570,MACORNAY,,
﻿847783693,2019-01-28,1071CB,"8  GRANDE RUE,  ",BOULANGERIE PATISSERIE DAMIEN VAUTHIER,,,,,,,25260,COLOMBIER-FONTAINE,,
﻿847783693,2019-06-01,1071CB,"31  GRANDE RUE,  ",BOULANGERIE PATISSERIE DAMIEN VAUTHIER,,,,,,,25260,LONGEVELLE-SUR-DOUBS,,
﻿848798245,2019-02-26,1071CB,"7 RUE DU GENERAL GANDYL,  ",MICHEL,,BOULANGERIE L'ATELIER,,BOULANGERIE L'ATELIER,,,21610,FONTAINE-FRANCAISE,,
﻿850124389,2019-05-01,1071CA,"331 RTE DE LA SOULAINE,  ",LE FOURNIL DES AGITES,,FERME DES AGITES,,FERME DES AGITES,,,39570,QUINTIGNY,,
﻿851440669,2019-06-15,1071CB,"18  GRANDE RUE,  ",CHATEIGNER CORALIE,,COUP DE COEUR,,COUP DE COEUR,,,39230,SELLIERES,,
﻿851550376,2019-06-12,1071CA,"65 IMP DES CRETS,  ",,,LA MIRAGE,,,MARINE,CLEMENT,39190,GIZIA,,
﻿851847376,2019-06-21,1071CB,"1 RUE LULLIER,  ",BOULANGERIE PATISSERIE NICOLAS BRIE,,BOULANGERIE PATISSERIE NICOLAS BRIE,,BOULANGERIE PATISSERIE NICOLAS BRIE,,,25000,BESANCON,987113291,phuongnt.120991@gmail.com
﻿852134402,2019-07-03,1071CB,"10 RUE GUILLAUME TELL,  ",MAISON DES DELICES ET DES SAVEURS DE N.Y.S,,,,,,,21000,DIJON,,
﻿852477009,2019-07-03,1071CB,"42  GRANDE RUE,  ",JEAN CHARLES SONIA DESMOUSSEAUX,JCSD,,,JEAN CHARLES DESMOUSSEAUX,,,25560,FRASNE,,
﻿853410215,2019-09-01,1071CA,"7 RUE DE CHENAUX,  ",,,AU SOLEIL LEVAIN,,,MARION,SASSOLAS,25330,FLAGEY,,
﻿853697456,2019-09-06,,"113 RUE DE LA PREFECTURE,  ",L'ORIGINELLE,,L'ORIGINELLE,,L'ORIGINELLE,,,21000,DIJON,380735174,loriginelle.contact@gmail.com
﻿853882942,2019-09-16,1071CB,"29 RTE DE BESANCON,  ",EURL ZAWIS,,BOULANGERIE THIBAUD ZAWIS,,BOULANGERIE THIBAUD ZAWIS,,,25620,TARCENAY-FOUCHERANS,,
﻿877579730,2019-09-23,,"3 CHE DE LA CENDINE,  3-5-(3 - 5)",BOULANGERIE MARTIN,,,,,,,21380,ASNIERES-LES-DIJON,379364439,boulangerie.martin21@gmail.com
﻿877902403,2021-06-03,,"331 RUE DU MONUMENT,  ",RONIJEAN,,,,,,,39570,COURLAOUX,,
﻿878076298,2019-10-09,1071CA,"2 PL DE LA MAIRIE,  ",LE FOURNIL BELINEEN,,,,LE FOURNIL BELINEEN,,,21200,BLIGNY-LES-BEAUNE,,
﻿878159888,2019-11-15,,"26 RUE DE NORMANDIE,  ",,,CHEZ COOKII'E,,,KAMEL,GRIRRANE,25200,GRAND-CHARMONT,,
﻿878205319,2019-11-12,1071CA,"11 RUE DU COLOMBIER,  ",,,LE FOURNIL DES LOUPS,,,MARTIN,LAPORTE,25440,MYON,,
﻿878331107,2019-11-01,1071CA,"[ND] [ND] [ND],  [ND]",[ND],[ND],[ND],[ND],[ND],[ND],[ND],[ND],FENAY,,
﻿878362425,2019-12-23,1071CA,"3 RUE DE LA CONFRERIE,  ",J & B BOULANGERIE,,,,,,,21121,FONTAINE-LES-DIJON,,
﻿878416817,2019-10-11,1071CB,"18 AV JEAN JAURES,  ",AUX GOURMANDISES DE L'ECLUSE,,AUX GOURMANDISES DE L'ECLUSE,,AUX GOURMANDISES DE L'ECLUSE,,,21000,DIJON,,
﻿878603893,2019-10-31,1071CB,"12 RTE DE BYANS,  ",SAS CPBM,,,,,,,25440,CHOUZELOT,,
﻿878717537,2019-10-17,,"  17 RUE ARMAND ROUX,  ",LE VILLERS,,,,,,,21130,VILLERS-LES-POTS,,
﻿878851765,2019-10-25,,"34 RTE NATIONALE,  ",BOULANGERIE CLERET,,,,,,,21560,ARC-SUR-TILLE,,
﻿880154018,2019-12-26,,"28 RUE SUZANNE LAMY BRET,  ",CHOCOLA'TINE,,,,,,,21290,LEUGLAY,,
﻿880154018,2021-09-06,1071CB,"17 RUE DU COMMERCE,  ",CHOCOLA'TINE,,,,,,,21400,SAINTE-COLOMBE-SUR-SEINE,,
﻿880472493,2020-01-09,1071CA,"13 RUE DE DOLE,  ",BOULANGERIE LALARME,,,,,,,25000,BESANCON,,
﻿880493986,2020-01-10,,"18 RUE DOMINIQUE ANCEMOT,  ",NT.GA 2,,,,6EME GENERATION,,,21120,IS-SUR-TILLE,,
﻿880540257,2020-03-16,1071CB,"12 RUE LE NOTRE,  ",BOULANGERIE CHAPUIS,,,,,,,21000,DIJON,,
﻿880939087,2020-01-24,,"124 RUE DU GEN LECLERC,  ",ENTREPRISE THIERY,,,,,,,25230,SELONCOURT,,
﻿881237291,2020-02-04,1071CA,"22  GRANDE RUE ,  ",BOULANGERIE DU CLOS BERNARD,,BOULANGERIE DU CLOS BERNARD,,,,,25690,AVOUDREY,381432365,jockers.sophie@orange.fr
﻿881239958,2020-02-05,1071CB,"13  GRANDE RUE,  ",BOULANGERIE MICHELIN,,,,,,,25300,DOUBS,,
﻿881793863,2020-02-14,1071CB,"4 PL DE VERDUN,  ",BOULANGERIE DE MOIRANS,,,,,,,39260,MOIRANS-EN-MONTAGNE,,
﻿882251838,2020-03-06,,"6 RTE D AUTUN,  ",ALCHIMIE & SAVEURS,,,,,,,21630,POMMARD,,
﻿882851827,2020-04-10,,"2 PL DE LA MAIRIE,  ",LA GOURMANDISE,,LA GOURMANDISE,,,,,25510,PIERREFONTAINE-LES-VARANS,381561220,contact@la-gourmandise-25.fr
﻿882911811,2020-05-01,1071CB,"8 RUE SAINTE ANNE,  ",DBI,,,,BOULANGERIE L'ESSENTIEL,,,25300,PONTARLIER,381392396,simonchopard.linda@orange.fr
﻿883146144,2020-04-28,1071CA,"20 RTE DE DIJON,  ",EWAN-JEME,,EWAN-JEME,,EWAN-JEME,,,21700,NUITS-SAINT-GEORGES,,
﻿883401176,2020-04-21,1071CA,"2 CHE CHEZ NOEL,  ",,,,,,PIERRE-HUGO,MOUTON,25650,LA LONGEVILLE,,
﻿883488843,2020-05-18,1071CB,"28 RUE JEAN MOULIN,  ",LE FOURNIL DE VENISE,,LE FOURNIL DE VENISE,,LE FOURNIL DE VENISE,,,25870,VENISE,,
﻿884212036,2020-06-23,1071CB," RUE ARIANE II,  ",BES'ANGE,,BOULANGERIE ANGE,,BES'ANGE,,,25480,MISEREY-SALINES,,
﻿884240037,2020-06-10,1071CB,"30 RUE DU FAUBOURG MADELEINE,  ",BOULANGERIE DE LA MADELEINE,,,,,,,21200,BEAUNE,,
﻿884319674,2020-07-01,1071DZ,"5 RUE DES BLEUETS,  ",,,ATELIER GOURMAND ROSE,,,ROSE,DE CARVALHO,25230,SELONCOURT,,
﻿884555129,2021-06-24,1071CA,"25 RUE CHARLES DUMONT,  ",AU CHAMP DU BLE,,,,AU CHAMP DU BLE,,,21000,DIJON,,
﻿884555129,2022-02-11,,"200 AV JACQUES DUHAMEL,  ",AU CHAMP DU BLE,,AU CHAMP DU BLE,,,,,39100,DOLE,,
﻿884555129,2022-08-11,1071CB,"3 PL DE L'HOTEL DE VILLE,  ",AU CHAMP DU BLE,,AU CHAMP DU BLE,,,,,21470,BRAZEY-EN-PLAINE,,
﻿884708975,2020-06-04,1071CB,"2 PL DE LA MAIRIE,  ",LE FOURNIL DE GEVINGEY,,LE FOURNIL DE GEVINGEY,,LE FOURNIL DE GEVINGEY,,,39570,GEVINGEY,,
﻿885338905,2020-07-31,1071CB,"77 RUE EN PAILLERY,  ",BOULANGERIE MIEL,,BOULANGERIE MIEL,,,,,21850,SAINT-APOLLINAIRE,,
﻿887564060,2020-09-01,1071CB,"24 RTE DU REVERMONT,  ",DELICES DES ARTS,,DELICES DES ARTS,,DELICES DES ARTS,,,39230,SAINT-LOTHAIN,,
﻿887681997,2020-07-23,1071CB,"16 RUE BARONNE DELORT,  ",SAS HENNEQUIN JURA,,LA GRANGE AUX PAINS,,LA GRANGE AUX PAINS,,,39300,CHAMPAGNOLE,,
﻿887729226,2020-07-22,1071CB,"4 PL DES TILLEULS,  ",BOULANGERIE DES TILLEULS,,BOULANGERIE DES TILLEULS,,,,,21440,SAINT SEINE L'ABBAYE,,
﻿887758696,2020-08-01,1071CA,"56 RUE MIRABEAU,  ",LA FORESTIERE,,LA FORESTIERE,,LA FORESTIERE,,,25220,CHALEZEULE,,
﻿887831766,2020-08-01,1071DZ,"13  GRANDE RUE DU BAS,  ",VINCENT DEBUT,,VINCENT DEBUT,,,,,21410,FLEUREY-SUR-OUCHE,,
﻿888219961,2022-09-01,1071CB,"445 RUE VICTOR PUISEUX,  ",LES FRERES DU PAIN,,LE RENDEZ-VOUS DES GOURMANDS,,,,,39000,LONS-LE-SAUNIER,,
﻿888221355,2020-09-01,," RUE DE MAZY,  ",SARL LES LUTINS DE LA GOURMANDISE,,LES LUTINS DE LA GOURMANDISE,,LES LUTINS DE LA GOURMANDISE,,,21160,MARSANNAY-LA-COTE,,
﻿888358587,2020-08-24,1071CB,"23 RUE TRAVOT,  ",AUX 3 EPIS POLINOIS,,,,,,,39800,POLIGNY,,
﻿888458924,2020-01-01,1071CB,"1 RUE DU BIOLET,  ",,,EURO BOULANGERIE PATISSERIE,,EURO BOULANGERIE PATISSERIE,NURAY,SALMANLI,39200,SAINT-CLAUDE,,
﻿888578945,2020-09-03,1071CB,"40  GRANDE RUE ,  ",AUX DOUB'SOEURS,,,,,,,25260,LONGEVELLE-SUR-DOUBS,665070198,doubcontact@auxdoubsoeurs.fr
﻿889472106,2020-10-01,1071CB,"3 RUE VAILLANT,  ",MAISON PAROTY DIJON THEATRE,,,,,,,21000,DIJON,,
﻿889488938,2020-08-24,1071CA,"14 RUE RUE DU CHATEAU,  ",,,L'AMI DU LEVAIN,,,PIERRE-OLIVIER,MICHIELS,21380,MESSIGNY-ET-VANTOUX,,
﻿889564605,2020-10-12,1071CA,"[ND] [ND] [ND],  [ND]",[ND],[ND],[ND],[ND],[ND],[ND],[ND],[ND],MONTBELIARDOT,,
﻿889928669,2020-10-30,1071CA,"98 RUE EMILE GRUET,  ",LE FOURNIL DE VIRGIL,,,,,,,21130,AUXONNE,,
﻿890159247,2020-10-20,1071CB,"66 RUE MAXIME GUILLOT,  ",FOURNIL HADDAD,,FOURNIL HADDAD,,,,,21300,CHENOVE,,
﻿890935471,2020-11-10,1071CA," RUE DES ABREUVOIRS,  ",,,LA RUCHE A PAIN,,,FANNY,LEQUEUX,21230,ANTIGNY-LA-VILLE,,
﻿891006892,2020-11-01,1071CA,"[ND] [ND] [ND],  [ND]",[ND],[ND],[ND],[ND],[ND],[ND],[ND],[ND],CHAMESSON,,
﻿891036626,2020-11-16,1071CB,"23 RUE DE PONTARLIER,  ",SO'ANGE,,SO'ANGE,,BOULANGERIE ANGE,,,25600,SOCHAUX,,
﻿891058042,2020-11-16,,"6 PL DU CHATEAU,  ",LE FOURNIL DE L'OZE,,,,,,,21690,VERREY-SOUS-SALMAISE,380358142,baptiste.bruey21290@gmail.com
﻿891733859,2020-12-03,,"1 RUE DE NILLIEUX,  ",ECHO DES BLES,,ECHO DES BLES,,,,,21270,CLERY,380550424,info@akyos.com
﻿891915027,2021-01-05,1071CA,"13 RUE PRINCIPALE,  ",,,LE FOUR DE L'ARIETTE,,LE FOUR DE L'ARIETTE,NICOLAS,BAUDRY,25210,MONTBELIARDOT,,
﻿892171281,2020-12-18,1071CB,"6 RUE CHAUCHIEN,  ",BAUDEMENT,,,,,,,21590,SANTENAY,,
﻿892277260,2022-02-11,1071CB,"16 RUE DE LA MADELEINE,  ",LES EPIS DU COMTE,,,,,,,25000,BESANCON,,
﻿892316571,2020-12-21,1071CA,"28  GRANDE RUE,  ",LE PANIER DE PAIN,,,,LE PANIER DE PAIN,,,39350,PAGNEY,,
﻿892866732,2022-07-01,1071CA,"2 RUE VERMOT,  ",,,DU PAIN SUR LES PLANCHES,,,ANNE-CLAIRE,BORDREUIL,39600,MESNAY,,
﻿893102574,2022-09-01,,"2 RUE DU PONT,  ",,,,,,ELISA,MOYANO,21200,RUFFEY-LES-BEAUNE,,
﻿893565309,2021-01-21,1071CB,"48 GR GRANDE RUE,  ",RAJUME,,,,,,,39410,SAINT-AUBIN,,
﻿893951871,2021-02-08,1071CA,"11 RUE DE L'EPICEA,  ",AU PLAISIR GOURMAND,,,,,,,39370,LA PESSE,,
﻿894190248,2021-02-23,1071CA,"41  GRANDE RUE,  ",2C2P,,PIERRE 1923,,PIERRE 1923,,,39120,CHAUSSIN,,
﻿894441518,2021-02-23,1071CB,"29 RUE DE BEAUREPAIRE,  ",LA CAMPAGNARDE,,,,,,,39140,VILLEVIEUX,384850437,projetpaysan@gmail.com
﻿894716588,2021-03-05,1071CB,"1 RUE MARC BLOCH,  ",FOURNIL DE CASSIN,,FOURNIL DE CASSIN,,,,,25000,BESANCON,,
﻿895229003,2021-01-01,1071CB,"7 CHE DE LA PETITE CREUSE,  ",LE PAIN DES BUIS,,,,,,,25000,BESANCON,,
﻿895229003,2021-07-01,1071CB,"8 RUE BRANLY,  ",LE PAIN DES BUIS,,,,,,,25000,BESANCON,,
﻿895247823,2021-03-09,1071CA,"2 RUE LOUIS COURTOT DE CISSEY,  ",LA BOULANGE DE JO,,LA BOULANGE DE JO,,LA BOULANGE DE JO,,,21190,MERCEUIL,,
﻿895275956,2021-04-01,1071CB,"7 RUE LEZAY MARNESIA,  SAINT JULIEN SUR SURAN",AU PETIT FOURNIL DU SURAN,,,,,,,39320,VAL SURAN,,
﻿895351146,2022-02-28,,"22  GRANDE RUE,  ",BOULANGERIE PATISSERIE KHENSA TRAITEUR,,,,,,,21120,MARCILLY-SUR-TILLE,,
﻿897653739,2021-03-25,1071DZ,"12 RUE DU CENTRE,  ",LES GOURMANDISES DU MOULIN,,,,,,,21120,LUX,,
﻿897658936,2021-03-24,1071CA,"19 RTE DE DOLE,  ",GONDEAUX BOULANGERIE DU DESCHAUX,,GONDEAUX BOULANGERIE DU DESCHAUX,,,,,39120,LE DESCHAUX,384715084,cath.pascal@wanadoo.fr
﻿898499439,2021-04-09,,"21 RUE MERCUSOT,  ",MURIELLE ET MICHEL,,,,,,,21540,SOMBERNON,,
﻿898674809,2021-04-14,1071CA,"8 RTE DE LONS LE SAUNIER,  ",LA BIOLANGERIE,,,,,,,39120,ASNANS-BEAUVOISIN,,
﻿899092696,2021-04-29,1071CA,"11 RUE DES SOEURS,  ",LA FABRIQUE D'AUTREFOIS,,LA FABRIQUE D'AUTREFOIS,,LA FABRIQUE D'AUTREFOIS,,,25370,JOUGNE,,
﻿899243828,2021-05-20,1071CB,"25 AV DU LAC,  ",BOULANGERIE DU LAC,,,,,,,21000,DIJON,,
﻿899937551,2021-07-01,1071CA,"  LA CRAY,  ZAC",SIECLE GOURMAND,,SIECLE GOURMAND,,MAISON DEMEUSY,,,25420,VOUJEAUCOURT,,
﻿899937551,2021-09-15,1071CB,"177 RUE DE BELFORT,  ",SIECLE GOURMAND,,,,MAISON DEMEUSY,,,25000,BESANCON,381800457,la-craquante@orange.fr
﻿900117060,2021-06-07,1071CB,"162 RUE D AUXONNE,  ",SAIN PAIN,,,,SAIN PAIN,,,21000,DIJON,,
﻿900661901,2021-07-01,1071CB,"13 RUE DES BOTTIENS,  ",LE FOURNIL DES BOTTIENS,,,,,,,21500,VISERNY,,
﻿900668567,2021-05-19,1071CA," RUE NICOLAS DE CONDORCET,  ZAC LES TERRES ROUSSES",LE PERCHOIR,,,,,,,21800,CHEVIGNY-SAINT-SAUVEUR,,
﻿900872490,2021-06-28,1071CB,"2 BD MOISE FOGLIA,  ZONE DE LA NAILLE",AU'ANGE,,AU'ANGE,,BOULANGERIE ANGE,,,25400,AUDINCOURT,,
﻿901270462,2021-07-07,1071CA,"2  GRANDE RUE,  ",LE FOURNIL JURASSIEN,,LE FOURNIL JURASSIEN,,LE FOURNIL JURASSIEN,,,39300,LE PASQUIER,,
﻿901605931,2021-07-20,1071CA,"4 RUE DE DOLE,  ",L ET J BAKERY,,L & J BAKERY,,L & J BAKERY,,,39700,DAMPIERRE,,
﻿902210079,2021-07-26,1071CB,"12  GRANDE RUE,  ",L'EPICURIEN,,L'EPICURIEN,,L'EPICURIEN,,,25240,MOUTHE,,
﻿902210079,2021-09-22,,"29 RUE DU VILLAGE,  ",L'EPICURIEN,,L'EPICURIEN,,L'EPICURIEN,,,25370,METABIEF,,
﻿902689389,2021-08-31,1071CB,"6 RUE DES MOUILLERES,  ",MAISON POTHIEUX,,,,,,,39000,LONS-LE-SAUNIER,,
﻿902793603,2021-09-01,1071CA,"1 PL DALLOZ,  ",SOCIETE VIDOT,,AU PAIN PRECIEUX,,,,,39310,SEPTMONCEL LES MOLUNES,,
﻿902809276,2021-09-02,1071CA,"20 PL MONGE,  ",BOULANGERIE BOUCHEROT,,,,,,,21200,BEAUNE,,
﻿903030377,2021-10-21,1071CB,"51 RUE DES SALINES,  ",BOULANGERIE PATISSERIE LA FAMILIALE,,,,,,,39000,LONS-LE-SAUNIER,,
﻿903184273,2021-09-15,1071CB,"3 RUE DE LA HALLE,  ",BOULANGERIE BONNET,,,,BOULANGERIE BONNET,,,25300,PONTARLIER,,
﻿903666261,2021-10-01,1071CA,"14 CHE DES VERGERS,  ",LA BOULANGE DES GRANGES,,LA BOULANGE DES GRANGES,,,,,39110,SALINS-LES-BAINS,,
﻿904780731,2021-10-29,,"12 GR GRANDE RUE,  ",SARL CHAPOTTE GENDRE,,,,,,,39350,OUGNEY,,
﻿904813623,2021-11-03,,"122 RTE DE CHEVIGNY,  ",BOULANGERIE BAZEAU,,ATELIER DU PETIT LOUIS,,ATELIER DU PETIT LOUIS,,,21800,SENNECEY-LES-DIJON,,
﻿905039350,2021-10-27,1071CB,"17 RUE DE BESANCON,  ",LA PATISSIERE,,LA PATISSIERE,,,,,25640,LA TOUR-DE-SCAY,,
﻿905039806,2021-11-05,1071CA,"9 RTE DE DOLE,  ",LE FOURNIL DE TASSENIERES,,FESTIVAL DE PAINS,,FESTIVAL DE PAINS,,,39120,TASSENIERES,,
﻿905074563,2021-10-12,1071CB,"13 RUE DU MONT,  ",LE FOURNIL DE BELLENEUVE,,,,,,,21310,BELLENEUVE,,
﻿907718027,2021-11-15,1071CA,"3  RTE DE NUITS SAINT GEORGES,  ",SARL DOMAINE DES DIABLOTINS,,DOMAINE DES DIABLOTINS,,LE FOURNIL DES DIABLOTINS,,,21700,BAGNOT,,
﻿908178932,2022-05-30,1071CB,"10 RUE JEAN LALLEMAND,  ",BOULANGERIE BARBIER,,,,,,,25360,BOUCLANS,,
﻿908294762,2021-12-16,,"16  GRANDE RUE ,  ",MAISON BERTHAUD,,FARINES ET PAPILLES,,FARINES ET PAPILLES,,,21110,ROUVRES-EN-PLAINE,,
﻿908530041,2021-12-15,1071CB,"4 RUE DE LA GARE,  ",L'ORIGINALE,,,,L'ORIGINALE,,,25140,CHARQUEMONT,,
﻿908994809,2022-01-06,1071CA,"408 RUE DES GUINCHES,  ",L'AUTHENTIC,,,,,,,39220,BOIS D'AMONT,,
﻿909919227,2022-01-05,1071CA,"3 IMP DE LA FORET,  LA TUILERIE",FOURNIL LE PAIN SYLVESTRE,,FOURNIL LE PAIN SYLVESTRE,,,,,21430,BARD-LE-REGULIER,,
﻿910156959,2022-02-09,1071CB,"8 RUE DU 5EME CHASSEUR,  ",BOULANGERIE PATISSERIE DE CHARLY,,,,,,,21190,MONTHELIE,,
﻿910698596,2022-05-17,,"2 RUE DU VIGNERY,  2-4",ESEINORA,,,,,,,21160,PERRIGNY-LES-DIJON,,
﻿910787241,2022-02-01,,"3 PL DE LA DELIBERATION,  ",BOULANGERIE SAINT JEAN,,LA GRANGE A PAIN,,,,,21170,SAINT-JEAN-DE-LOSNE,,
﻿911253359,2022-03-09,,"1 RUE DU CLOS DES AIGES,  ",MATHIEU JANVIER,,LA P'TITE MANON,,,,,21121,AHUY,,
﻿911285898,2022-03-11,1071CB,"4 RUE DE LA REPUBLIQUE,  ",LA BOULANGE DES CO'PAINS,,,,,,,39330,MOUCHARD,,
﻿911632651,2022-03-18,1071CB,"15 RUE DU DOCTEUR ANDRE BARBIER,  ",FOURNIL DE LA MALADIERE,,FOURNIL DE LA MALADIERE,,FOURNIL DE LA MALADIERE,,,21000,DIJON,,
﻿911874691,2022-03-23,1071CB,"1 RTE DE ROUGEMONT,  ",LA FOURNEE DE L'AMITIE,,LA FOURNEE DE L'AMITIE,,LA FOURNEE DE L'AMITIE,,,25110,AUTECHAUX,,
﻿911898971,2022-02-23,1071CB,"2 RUE GEORGES BECKER,  ",BOULANGERIE HEXAGONE,,,,,,,25200,MONTBELIARD,,
﻿911947885,2022-03-22,1071CB,"9 AV GASTON RENAUD,  ",L'EPI D'OR,,,,,,,25340,PAYS-DE-CLERVAL,,
﻿912406253,2022-04-11,1071CB,"28  GRANDE RUE ,  ",AU P'TIT PELOUSEY,,,,,,,25170,PELOUSEY,381255622,auptitpelousey25@gmail.com
﻿912486883,2022-05-06,,"3 RUE DU FAUBOURG RAINES,  ",BOULANGERIE DU VILLAGE GASTRONOMIQUE - BVG,,,,LE MOULIN,,,21000,DIJON,,
﻿913281929,2022-04-14,1071CB,"13 PL DU CHATEAU,  ",CHEZ CHARLES,,,,CHEZ CHARLES,,,21640,GILLY-LES-CITEAUX,,
﻿913729067,2022-05-20,,"51 RUE EDME PIOT,  ",CHARLY,,,,,,,21500,MONTBARD,,
﻿913945283,2022-05-20,5610CQ,"32 RUE LEON BEL,  ",DOLANGE,,,,,,,39100,DOLE,,
﻿914246095,2022-07-04,1071CB,"1 RUE DES TILLEULS,  ",ELENA ET PIERRE,,BOULANGERIE LES CO-PAINS,,BOULANGERIE LES CO-PAINS,,,25300,HOUTAUD,,
﻿914720131,2022-07-01,1071CB,"19  GRANDE RUE,  ",MAISON TISSERAND,,MAISON TISSERAND,,MAISON TISSERAND,,,25500,MORTEAU,,
﻿915046569,2022-06-28,1071CB,"91 RUE D AUDINCOURT,  ",WOOD OVEN BAKERY,,,,,,,25230,SELONCOURT,,
﻿915049035,2022-07-01,,"1 RUE DU PRE BRENOT,  ",MC FOURNIL,,,,,,,25870,CHATILLON-LE-DUC,,
﻿915354138,2022-08-29,1071CB,"16 RUE BUFFON,  ",BOULANGERIE BUFFON,,BOULANGERIE BUFFON,,BOULANGERIE BUFFON,,,21000,DIJON,,
﻿915400386,2022-07-11,1071CA,"3 RTE DE CITEAUX ,  ",AU GRE DU LEVAIN,,,,,,,21700,SAINT-NICOLAS-LES-CITEAUX,,
﻿917460271,2022-07-13,1071CB,"20 AV LEO LAGRANGE,  ",AUX CAPRICES DE CHARLOTTE,,,,AUX CAPRICES DE CHARLOTTE,,,25000,BESANCON,,
﻿917601650,2022-07-19,1071CB,"1 RTE D'OSSELLE ,  ",CUINET,,,,,,,25320,TORPES,,
﻿917722423,2022-07-13,,"[ND] [ND] [ND],  [ND]",[ND],[ND],[ND],[ND],[ND],[ND],[ND],[ND],LONS-LE-SAUNIER,,
﻿917828212,2022-07-26,1071CB,"6 PL DES HALLES,  ",SAS MAISON LEROLLE,,,,,,,21260,SELONGEY,,
﻿918098112,2022-08-08,1071CB,"60 PL DU MARECHAL JUIN,  ",FEUILLETTE 39 LLS,,,,,,,39000,LONS-LE-SAUNIER,,
﻿918175746,2022-07-29,1071CB," RUE JACQUES FOILLET,  ZAC DU PIED DES GOUTTES",MON'ANGE,,,,,,,25200,MONTBELIARD,,
﻿918199019,2022-08-08,1071CB,"119 RTE DU NOIRMONT,  ",BOULANGERIE DU NOIRMONT,,,,,,,39220,LES ROUSSES,,
﻿919176735,2022-09-01,1071CB,"56 R MIRABEAU ,  ",O'DELICES DE BEZAC,,,,,,,25220,CHALEZEULE,,
﻿920039401,2022-10-03,1071CB,"51 RTE DE LANGRES ,  ",ANATOLE ET CELESTIN,,,,,,,21120,TIL-CHATEL,,
﻿920146883,2022-10-07,,"4 RUE BOSSUET,  ",MIE-DAVLINE,,LA MIE CALINE,,LA MIE CALINE,,,21000,DIJON,,